experiment_id,units,dropout,learning_rate,batch_size,layer_type,best_val_loss,best_val_mae,best_epoch,training_duration
6,128,0.2,0.0005,64,GRU,13.840808868408203,0.02191963791847229,45,69.02319
5,128,0.2,0.001,64,GRU,13.899226188659668,0.021132640540599823,37,49.202703
4,64,0.3,0.0005,64,GRU,14.265517234802246,0.023229720070958138,37,34.557184
7,128,0.3,0.001,64,GRU,14.27018928527832,0.023061618208885193,15,43.221638
2,64,0.2,0.0005,64,GRU,14.298810005187988,0.02249307744204998,41,35.997541
8,128,0.3,0.0005,64,GRU,14.435309410095215,0.022672312334179878,33,60.95932
3,64,0.3,0.001,64,GRU,14.479758262634277,0.02322017215192318,23,27.306114
1,64,0.2,0.001,64,GRU,14.540069580078125,0.02279054746031761,20,26.300933
